{
  "config": {
    "num_objects": 6,
    "embedding_dim": 32,
    "temperature": 0.1
  },
  "object_embeddings": {
    "Alice": [
      0.28075042366981506,
      0.16681377589702606,
      -0.036824192851781845,
      0.16059046983718872,
      -0.07146242260932922,
      -0.19402532279491425,
      -0.12312384694814682,
      0.16852673888206482,
      0.4386792480945587,
      -0.127239391207695,
      -0.05908685922622681,
      0.05884954333305359,
      0.15285995602607727,
      -0.14914752542972565,
      0.40016040205955505,
      -0.020151492208242416,
      0.1398993283510208,
      0.1265714317560196,
      0.12223687767982483,
      0.23176786303520203,
      -0.13970011472702026,
      -0.5626490712165833,
      -0.1421668380498886,
      0.16792599856853485,
      0.18904997408390045,
      -0.06452619284391403,
      0.11291754245758057,
      0.2970147430896759,
      0.1721043884754181,
      -0.43721404671669006,
      0.2600775957107544,
      -0.29929110407829285
    ],
    "Bob": [
      -0.06673433631658554,
      -0.2669409513473511,
      -0.2512143850326538,
      -0.49717164039611816,
      -0.16406778991222382,
      0.15977583825588226,
      -0.1313590109348297,
      0.06427674740552902,
      -0.25862956047058105,
      0.07069060206413269,
      -0.05142698436975479,
      0.28764808177948,
      -0.10444621741771698,
      0.2473803460597992,
      -0.07267826050519943,
      0.2613322138786316,
      -0.16766847670078278,
      0.1689901053905487,
      0.3131335377693176,
      0.0475337877869606,
      0.5283623933792114,
      0.10238151252269745,
      0.42769357562065125,
      -0.12238537520170212,
      -0.19475817680358887,
      0.11873321980237961,
      0.01294776238501072,
      -0.06124391779303551,
      0.07517106831073761,
      0.052482351660728455,
      0.22325938940048218,
      -0.09551028907299042
    ],
    "Charlie": [
      -0.28211161494255066,
      0.03181527554988861,
      -0.18124449253082275,
      -0.05615060031414032,
      -0.0616007074713707,
      -0.05560213699936867,
      0.26973849534988403,
      0.034979790449142456,
      0.4312647581100464,
      0.19644662737846375,
      -0.18806399405002594,
      0.15151210129261017,
      0.0599496066570282,
      0.07198555767536163,
      -0.23719070851802826,
      0.1817755252122879,
      -0.23465216159820557,
      -0.45426055788993835,
      0.36718833446502686,
      0.1651231050491333,
      -0.24344544112682343,
      0.09112316370010376,
      -0.26294195652008057,
      -0.2656297981739044,
      0.2630211412906647,
      -0.02658097818493843,
      -0.025711311027407646,
      0.1953626424074173,
      -0.47448647022247314,
      -0.5428301095962524,
      0.17897367477416992,
      0.02550937980413437
    ],
    "Diana": [
      0.09937946498394012,
      0.1696699559688568,
      0.17337417602539062,
      -0.2649484872817993,
      0.2978559732437134,
      0.3405263125896454,
      0.14829027652740479,
      -0.2691708207130432,
      -0.24659264087677002,
      -0.06551791727542877,
      0.03428675979375839,
      -0.15629076957702637,
      0.14481858909130096,
      -0.13830560445785522,
      -0.35982978343963623,
      0.48408395051956177,
      -0.048906926065683365,
      -0.09015409648418427,
      -0.1737106740474701,
      0.11150086671113968,
      -0.2183571755886078,
      -0.21767805516719818,
      -0.04356895759701729,
      -0.003886924125254154,
      -0.23346099257469177,
      0.23970650136470795,
      -0.0895613580942154,
      -0.4953867495059967,
      0.2691552937030792,
      0.1067560538649559,
      -0.3383290767669678,
      0.12485934048891068
    ],
    "Eve": [
      0.32762354612350464,
      -0.16372668743133545,
      0.30822479724884033,
      0.13025546073913574,
      -0.26648446917533875,
      0.0389285683631897,
      0.0817396342754364,
      -0.33238330483436584,
      -0.2960842549800873,
      -0.03464214503765106,
      -0.061396971344947815,
      0.1720280945301056,
      -0.015779690816998482,
      -0.03536117821931839,
      0.2945846617221832,
      0.26874372363090515,
      0.1750338226556778,
      0.1397629678249359,
      0.30133211612701416,
      0.054855797439813614,
      0.3236983120441437,
      -0.19273623824119568,
      -0.21047480404376984,
      -0.23624132573604584,
      0.39720964431762695,
      -0.14305831491947174,
      -0.26387763023376465,
      0.07874800264835358,
      0.32887616753578186,
      0.019311396405100822,
      0.06763280928134918,
      -0.1447407454252243
    ],
    "Frank": [
      0.028308700770139694,
      -0.40420639514923096,
      0.1442679911851883,
      0.41143864393234253,
      -0.09478975832462311,
      0.10041797906160355,
      -0.40473008155822754,
      -0.12916907668113708,
      0.03340277820825577,
      -0.1390470266342163,
      0.2913402020931244,
      -0.11987472325563431,
      0.48027366399765015,
      -0.06909307837486267,
      0.3253048360347748,
      -0.32726138830184937,
      -0.09763690829277039,
      0.020102791488170624,
      0.15962815284729004,
      -0.1053863987326622,
      -0.2556513547897339,
      0.0014449559384956956,
      -0.1871306598186493,
      0.19601120054721832,
      0.21898220479488373,
      0.23279833793640137,
      0.026988955214619637,
      0.056520503014326096,
      -0.029792191460728645,
      -0.005466701928526163,
      0.24538177251815796,
      0.0450209379196167
    ]
  },
  "relations": {
    "parent": {
      "shape": [
        32,
        32
      ],
      "sample_5x5": [
        [
          -0.05128129944205284,
          0.1995655596256256,
          0.032228611409664154,
          -0.24475914239883423,
          -0.19584646821022034
        ],
        [
          -0.04921035096049309,
          -0.08470480889081955,
          0.2755175828933716,
          -0.11982568353414536,
          -0.1335589736700058
        ],
        [
          -0.19000668823719025,
          0.12268222868442535,
          -0.15085025131702423,
          -0.17198410630226135,
          0.05045529827475548
        ],
        [
          -0.16695913672447205,
          -0.1581917256116867,
          -0.13028506934642792,
          -0.006798459216952324,
          -0.1374214142560959
        ],
        [
          0.08621997386217117,
          0.11555404216051102,
          0.1902761161327362,
          -0.0016992916353046894,
          0.15101410448551178
        ]
      ]
    },
    "grandparent": {
      "shape": [
        32,
        32
      ],
      "sample_5x5": [
        [
          0.20597316324710846,
          -0.19064493477344513,
          0.2039753794670105,
          0.026159970089793205,
          -0.055239588022232056
        ],
        [
          -0.1405407190322876,
          -0.16429899632930756,
          -0.24902670085430145,
          0.06798308342695236,
          0.12436064332723618
        ],
        [
          0.0924888402223587,
          0.21857528388500214,
          0.06134430691599846,
          0.05324086174368858,
          0.18070495128631592
        ],
        [
          0.045076362788677216,
          -0.041135434061288834,
          -0.04861650988459587,
          -0.019968267530202866,
          0.056648921221494675
        ],
        [
          -0.14522820711135864,
          -0.11079231649637222,
          -0.01768386736512184,
          0.06715992093086243,
          -0.071480393409729
        ]
      ]
    }
  }
}